PRAGMA foreign_keys=OFF;
BEGIN TRANSACTION;
CREATE TABLE IF NOT EXISTS "django_migrations" ("id" integer NOT NULL PRIMARY KEY AUTOINCREMENT, "app" varchar(255) NOT NULL, "name" varchar(255) NOT NULL, "applied" datetime NOT NULL);
INSERT INTO django_migrations VALUES(1,'contenttypes','0001_initial','2021-05-10 10:32:04.498879');
INSERT INTO django_migrations VALUES(2,'auth','0001_initial','2021-05-10 10:32:04.747568');
INSERT INTO django_migrations VALUES(3,'admin','0001_initial','2021-05-10 10:32:04.815069');
INSERT INTO django_migrations VALUES(4,'admin','0002_logentry_remove_auto_add','2021-05-10 10:32:04.885235');
INSERT INTO django_migrations VALUES(5,'admin','0003_logentry_add_action_flag_choices','2021-05-10 10:32:04.916616');
INSERT INTO django_migrations VALUES(6,'contenttypes','0002_remove_content_type_name','2021-05-10 10:32:04.984028');
INSERT INTO django_migrations VALUES(7,'auth','0002_alter_permission_name_max_length','2021-05-10 10:32:05.049294');
INSERT INTO django_migrations VALUES(8,'auth','0003_alter_user_email_max_length','2021-05-10 10:32:05.107672');
INSERT INTO django_migrations VALUES(9,'auth','0004_alter_user_username_opts','2021-05-10 10:32:05.148576');
INSERT INTO django_migrations VALUES(10,'auth','0005_alter_user_last_login_null','2021-05-10 10:32:05.199183');
INSERT INTO django_migrations VALUES(11,'auth','0006_require_contenttypes_0002','2021-05-10 10:32:05.240879');
INSERT INTO django_migrations VALUES(12,'auth','0007_alter_validators_add_error_messages','2021-05-10 10:32:05.286206');
INSERT INTO django_migrations VALUES(13,'auth','0008_alter_user_username_max_length','2021-05-10 10:32:05.335147');
INSERT INTO django_migrations VALUES(14,'auth','0009_alter_user_last_name_max_length','2021-05-10 10:32:05.403755');
INSERT INTO django_migrations VALUES(15,'auth','0010_alter_group_name_max_length','2021-05-10 10:32:05.451496');
INSERT INTO django_migrations VALUES(16,'auth','0011_update_proxy_permissions','2021-05-10 10:32:05.508178');
INSERT INTO django_migrations VALUES(17,'auth','0012_alter_user_first_name_max_length','2021-05-10 10:32:05.556168');
INSERT INTO django_migrations VALUES(18,'sessions','0001_initial','2021-05-10 10:32:05.626824');
INSERT INTO django_migrations VALUES(19,'home','0001_initial','2021-05-13 03:47:21.294511');
INSERT INTO django_migrations VALUES(20,'home','0002_alter_profile_user','2021-05-13 04:05:25.320004');
INSERT INTO django_migrations VALUES(21,'home','0003_alter_profile_image','2021-05-13 07:01:51.560217');
INSERT INTO django_migrations VALUES(22,'home','0004_products','2021-05-15 11:40:03.557505');
INSERT INTO django_migrations VALUES(23,'home','0005_rename_products_product','2021-05-15 11:41:16.728880');
INSERT INTO django_migrations VALUES(24,'home','0006_alter_product_p_name','2021-05-15 14:37:59.594701');
INSERT INTO django_migrations VALUES(25,'productcart','0001_initial','2021-05-16 11:59:49.381998');
INSERT INTO django_migrations VALUES(26,'payment','0001_initial','2021-05-17 14:46:52.847207');
INSERT INTO django_migrations VALUES(27,'payment','0002_auto_20210517_2041','2021-05-17 15:11:39.527542');
INSERT INTO django_migrations VALUES(28,'payment','0003_auto_20210517_2044','2021-05-17 15:14:57.584364');
INSERT INTO django_migrations VALUES(29,'payment','0004_card_payment','2021-05-17 15:19:38.708284');
INSERT INTO django_migrations VALUES(30,'payment','0005_payment_product','2021-05-18 11:57:32.375855');
INSERT INTO django_migrations VALUES(31,'orders','0001_initial','2021-05-18 14:08:42.027759');
INSERT INTO django_migrations VALUES(32,'orders','0002_alter_orders_shipping_date','2021-05-18 15:32:58.365309');
INSERT INTO django_migrations VALUES(33,'orders','0003_alter_orders_shipping_date','2021-05-18 15:32:58.425271');
INSERT INTO django_migrations VALUES(34,'orders','0004_alter_orders_shipping_date','2021-05-18 15:32:58.473143');
INSERT INTO django_migrations VALUES(35,'orders','0005_orders_size','2021-05-18 15:32:58.540237');
INSERT INTO django_migrations VALUES(36,'orders','0006_remove_orders_size','2021-05-18 15:38:33.671288');
INSERT INTO django_migrations VALUES(37,'home','0007_alter_product_p_category','2022-04-03 14:18:07.220883');
INSERT INTO django_migrations VALUES(38,'product','0001_initial','2022-04-03 14:39:34.844295');
INSERT INTO django_migrations VALUES(39,'productcart','0002_alter_cart_product','2022-04-03 14:46:01.379796');
INSERT INTO django_migrations VALUES(40,'payment','0006_alter_payment_product','2022-04-03 14:46:01.481268');
INSERT INTO django_migrations VALUES(41,'home','0008_delete_product','2022-04-03 14:46:01.521929');
INSERT INTO django_migrations VALUES(42,'product','0002_alter_product_p_category','2022-04-26 06:36:33.595779');
INSERT INTO django_migrations VALUES(43,'product','0003_alter_product_p_category','2022-04-26 06:40:01.157788');
CREATE TABLE IF NOT EXISTS "auth_group_permissions" ("id" integer NOT NULL PRIMARY KEY AUTOINCREMENT, "group_id" integer NOT NULL REFERENCES "auth_group" ("id") DEFERRABLE INITIALLY DEFERRED, "permission_id" integer NOT NULL REFERENCES "auth_permission" ("id") DEFERRABLE INITIALLY DEFERRED);
CREATE TABLE IF NOT EXISTS "auth_user_groups" ("id" integer NOT NULL PRIMARY KEY AUTOINCREMENT, "user_id" integer NOT NULL REFERENCES "auth_user" ("id") DEFERRABLE INITIALLY DEFERRED, "group_id" integer NOT NULL REFERENCES "auth_group" ("id") DEFERRABLE INITIALLY DEFERRED);
CREATE TABLE IF NOT EXISTS "auth_user_user_permissions" ("id" integer NOT NULL PRIMARY KEY AUTOINCREMENT, "user_id" integer NOT NULL REFERENCES "auth_user" ("id") DEFERRABLE INITIALLY DEFERRED, "permission_id" integer NOT NULL REFERENCES "auth_permission" ("id") DEFERRABLE INITIALLY DEFERRED);
CREATE TABLE IF NOT EXISTS "django_admin_log" ("id" integer NOT NULL PRIMARY KEY AUTOINCREMENT, "action_time" datetime NOT NULL, "object_id" text NULL, "object_repr" varchar(200) NOT NULL, "change_message" text NOT NULL, "content_type_id" integer NULL REFERENCES "django_content_type" ("id") DEFERRABLE INITIALLY DEFERRED, "user_id" integer NOT NULL REFERENCES "auth_user" ("id") DEFERRABLE INITIALLY DEFERRED, "action_flag" smallint unsigned NOT NULL CHECK ("action_flag" >= 0));
INSERT INTO django_admin_log VALUES(109,'2022-04-03 12:53:50.381692','12','sai Profile','',7,16,3);
INSERT INTO django_admin_log VALUES(110,'2022-04-03 12:53:50.452084','11','dharmesh Profile','',7,16,3);
INSERT INTO django_admin_log VALUES(111,'2022-04-03 12:53:50.486930','10','beingzero Profile','',7,16,3);
INSERT INTO django_admin_log VALUES(112,'2022-04-03 12:53:50.522671','9','testuser Profile','',7,16,3);
INSERT INTO django_admin_log VALUES(113,'2022-04-03 12:53:50.557591','8','gopisai Profile','',7,16,3);
INSERT INTO django_admin_log VALUES(114,'2022-04-03 12:53:50.592626','7','test Profile','',7,16,3);
INSERT INTO django_admin_log VALUES(115,'2022-04-03 12:53:50.643401','4','bhanu Profile','',7,16,3);
INSERT INTO django_admin_log VALUES(116,'2022-04-03 12:54:11.901299','11','sai 11','',13,16,3);
INSERT INTO django_admin_log VALUES(117,'2022-04-03 12:54:11.961561','10','beingzero 10','',13,16,3);
INSERT INTO django_admin_log VALUES(118,'2022-04-03 12:54:12.012445','9','beingzero 9','',13,16,3);
INSERT INTO django_admin_log VALUES(119,'2022-04-03 12:54:12.053186','8','beingzero 8','',13,16,3);
INSERT INTO django_admin_log VALUES(120,'2022-04-03 12:54:12.089788','7','gopisai 7','',13,16,3);
INSERT INTO django_admin_log VALUES(121,'2022-04-03 12:54:26.139538','18','sai','',12,16,3);
INSERT INTO django_admin_log VALUES(122,'2022-04-03 12:54:26.201011','17','beingzero','',12,16,3);
INSERT INTO django_admin_log VALUES(123,'2022-04-03 12:54:26.247083','16','beingzero','',12,16,3);
INSERT INTO django_admin_log VALUES(124,'2022-04-03 12:54:26.281696','15','beingzero','',12,16,3);
INSERT INTO django_admin_log VALUES(125,'2022-04-03 12:54:26.316969','14','gopisai','',12,16,3);
INSERT INTO django_admin_log VALUES(126,'2022-04-03 12:54:36.336081','25','sai 1414313','',11,16,3);
INSERT INTO django_admin_log VALUES(127,'2022-04-03 12:54:36.402557','24','beingzero 54454545','',11,16,3);
INSERT INTO django_admin_log VALUES(128,'2022-04-03 12:54:36.438277','23','beingzero 455885574','',11,16,3);
INSERT INTO django_admin_log VALUES(129,'2022-04-03 12:54:36.472116','22','beingzero 5668985558855','',11,16,3);
INSERT INTO django_admin_log VALUES(130,'2022-04-03 12:54:36.508301','21','gopisai 721612631623','',11,16,3);
INSERT INTO django_admin_log VALUES(131,'2022-04-03 12:54:48.697756','38','cart 38 sai Rosustar','',9,16,3);
INSERT INTO django_admin_log VALUES(132,'2022-04-03 12:54:48.758127','37','cart 37 sai sirato','',9,16,3);
INSERT INTO django_admin_log VALUES(133,'2022-04-03 12:54:48.816966','36','cart 36 sai sagirata','',9,16,3);
INSERT INTO django_admin_log VALUES(134,'2022-04-03 12:54:48.850335','31','cart 31 testuser Navy Mario','',9,16,3);
INSERT INTO django_admin_log VALUES(135,'2022-04-03 12:54:48.884852','30','cart 30 testuser Himaba','',9,16,3);
INSERT INTO django_admin_log VALUES(136,'2022-04-03 12:54:48.919727','22','cart 22 gopisai Taavi','',9,16,3);
INSERT INTO django_admin_log VALUES(137,'2022-04-03 12:54:48.953368','21','cart 21 gopisai niboma','',9,16,3);
INSERT INTO django_admin_log VALUES(138,'2022-04-03 12:54:49.078259','20','cart 20 gopisai varango','',9,16,3);
INSERT INTO django_admin_log VALUES(139,'2022-04-03 12:54:49.115251','19','cart 19 gopisai natora','',9,16,3);
INSERT INTO django_admin_log VALUES(140,'2022-04-03 12:54:49.149863','18','cart 18 gopisai nilambari','',9,16,3);
INSERT INTO django_admin_log VALUES(141,'2022-04-03 12:54:49.183644','17','cart 17 gopisai visudh','',9,16,3);
INSERT INTO django_admin_log VALUES(142,'2022-04-03 12:54:49.219287','16','cart 16 gopisai Oxemberg','',9,16,3);
INSERT INTO django_admin_log VALUES(143,'2022-04-03 12:54:49.252737','15','cart 15 gopisai Roadster','',9,16,3);
INSERT INTO django_admin_log VALUES(144,'2022-04-03 12:54:49.287486','14','cart 14 gopisai Oxberg','',9,16,3);
INSERT INTO django_admin_log VALUES(145,'2022-04-03 12:54:49.334929','13','cart 13 gopisai Des navy','',9,16,3);
INSERT INTO django_admin_log VALUES(146,'2022-04-03 12:54:49.393663','11','cart 11 gopisai Rodster','',9,16,3);
INSERT INTO django_admin_log VALUES(147,'2022-04-03 12:54:49.427866','10','cart 10 gopisai Phillip','',9,16,3);
INSERT INTO django_admin_log VALUES(148,'2022-04-03 12:54:49.462559','9','cart 9 gopisai Himaba','',9,16,3);
INSERT INTO django_admin_log VALUES(149,'2022-04-03 12:54:49.497457','8','cart 8 gopisai Rosustar','',9,16,3);
INSERT INTO django_admin_log VALUES(150,'2022-04-03 12:54:49.531990','6','cart 6 gopisai Louis phillip','',9,16,3);
INSERT INTO django_admin_log VALUES(151,'2022-04-03 12:54:49.566200','5','cart 5 gopisai Navy Mario','',9,16,3);
INSERT INTO django_admin_log VALUES(152,'2022-04-03 12:54:49.602231','4','cart 4 gopisai English Navy','',9,16,3);
INSERT INTO django_admin_log VALUES(153,'2022-04-03 12:54:49.636533','3','cart 3 bhanu Benstoke','',9,16,3);
INSERT INTO django_admin_log VALUES(154,'2022-04-03 12:54:49.673393','2','cart 2 bhanu Roadster','',9,16,3);
INSERT INTO django_admin_log VALUES(155,'2022-04-03 12:54:49.708009','1','cart 1 gopisai Benstoke','',9,16,3);
INSERT INTO django_admin_log VALUES(156,'2022-04-03 14:20:24.644409','25','Product 25 Kids-Woven Art Silk Jacquard Asymme-Traditional','[{"added": {}}]',8,16,1);
INSERT INTO django_admin_log VALUES(157,'2022-04-03 14:22:15.664107','26','Product 26 Kids-woven-cotton-silk-jacquard-she-Traditional','[{"added": {}}]',8,16,1);
INSERT INTO django_admin_log VALUES(158,'2022-04-03 14:23:12.189968','27','Product 27 Kids-und421-Traditional','[{"added": {}}]',8,16,1);
INSERT INTO django_admin_log VALUES(159,'2022-04-03 14:24:27.127904','28','Product 28 Kids-Woven Art Silk Jacquard Sherwa-Traditional','[{"added": {}}]',8,16,1);
INSERT INTO django_admin_log VALUES(160,'2022-04-03 14:26:06.540463','29','Product 29 Kids-Woven Art Silk Jacquardni-Traditional','[{"added": {}}]',8,16,1);
INSERT INTO django_admin_log VALUES(161,'2022-04-03 14:26:49.495564','29','Product 29 Kids-Woven Art Silk Jacquardni-Traditional','[{"changed": {"fields": ["P image"]}}]',8,16,2);
INSERT INTO django_admin_log VALUES(162,'2022-04-03 14:28:44.276971','30','Product 30 Women-Block Printed Cotton kurthi-Kurtis','[{"added": {}}]',8,16,1);
INSERT INTO django_admin_log VALUES(163,'2022-04-03 14:30:18.923779','31','Product 31 Women-Golden Printed Chiffon Saree i-Sarees','[{"added": {}}]',8,16,1);
INSERT INTO django_admin_log VALUES(164,'2022-04-03 14:32:36.257336','31','Product 31 Women-Golden Printed Chiffon Saree i-Sarees','[]',8,16,2);
INSERT INTO django_admin_log VALUES(165,'2022-04-03 14:33:51.850525','32','Product 32 Kids-Boys Graphic Print, Typography-Tshirts','[{"added": {}}]',8,16,1);
INSERT INTO django_admin_log VALUES(166,'2022-04-26 05:38:57.791855','13','beingzero','',4,16,3);
INSERT INTO django_admin_log VALUES(167,'2022-04-26 05:38:57.941183','7','bhanu','',4,16,3);
INSERT INTO django_admin_log VALUES(168,'2022-04-26 05:38:57.976049','14','dharmesh','',4,16,3);
INSERT INTO django_admin_log VALUES(169,'2022-04-26 05:38:58.010521','1','gopisai','',4,16,3);
INSERT INTO django_admin_log VALUES(170,'2022-04-26 05:38:58.091067','15','sai','',4,16,3);
INSERT INTO django_admin_log VALUES(171,'2022-04-26 05:38:58.125043','8','sumanth','',4,16,3);
INSERT INTO django_admin_log VALUES(172,'2022-04-26 05:38:58.161096','11','test','',4,16,3);
INSERT INTO django_admin_log VALUES(173,'2022-04-26 05:38:58.197009','12','testuser','',4,16,3);
INSERT INTO django_admin_log VALUES(174,'2022-04-26 05:42:52.599201','1','Product 1 Men-Sherwani 1-Sherwani','[{"added": {}}]',14,16,1);
INSERT INTO django_admin_log VALUES(175,'2022-04-26 05:43:46.574340','2','Product 2 Men-Sherwani 2-Sherwani','[{"added": {}}]',14,16,1);
INSERT INTO django_admin_log VALUES(176,'2022-04-26 05:44:39.915998','3','Product 3 Men-Sherwani 3-Sherwani','[{"added": {}}]',14,16,1);
INSERT INTO django_admin_log VALUES(177,'2022-04-26 05:45:27.659716','4','Product 4 Men-Sherwani 4-Sherwani','[{"added": {}}]',14,16,1);
INSERT INTO django_admin_log VALUES(178,'2022-04-26 05:48:02.462885','5','Product 5 Men-Sherwani 5-Sherwani','[{"added": {}}]',14,16,1);
INSERT INTO django_admin_log VALUES(179,'2022-04-26 05:54:27.861916','6','Product 6 Men-T-shirt 1-Tshirts','[{"added": {}}]',14,16,1);
INSERT INTO django_admin_log VALUES(180,'2022-04-26 05:55:29.131845','7','Product 7 Men-T-shirt 2-Tshirts','[{"added": {}}]',14,16,1);
INSERT INTO django_admin_log VALUES(181,'2022-04-26 05:56:28.516917','8','Product 8 Men-T-shirt 3-Tshirts','[{"added": {}}]',14,16,1);
INSERT INTO django_admin_log VALUES(182,'2022-04-26 05:58:53.288928','9','Product 9 Men-T-shirt 4-Tshirts','[{"added": {}}]',14,16,1);
INSERT INTO django_admin_log VALUES(183,'2022-04-26 06:02:42.358258','10','Product 10 Men-T-shirt 5-Tshirts','[{"added": {}}]',14,16,1);
INSERT INTO django_admin_log VALUES(184,'2022-04-26 06:04:03.730672','11','Product 11 Men-Formal 1-Formals','[{"added": {}}]',14,16,1);
INSERT INTO django_admin_log VALUES(185,'2022-04-26 06:04:50.153513','12','Product 12 Men-Formal 2-Formals','[{"added": {}}]',14,16,1);
INSERT INTO django_admin_log VALUES(186,'2022-04-26 06:05:31.938217','13','Product 13 Men-Formal 3-Formals','[{"added": {}}]',14,16,1);
INSERT INTO django_admin_log VALUES(187,'2022-04-26 06:06:09.007115','14','Product 14 Men-Formal 4-Formals','[{"added": {}}]',14,16,1);
INSERT INTO django_admin_log VALUES(188,'2022-04-26 06:07:20.738500','15','Product 15 Men-Formal 5-Formals','[{"added": {}}]',14,16,1);
INSERT INTO django_admin_log VALUES(189,'2022-04-26 06:32:53.166967','16','Product 16 Men-Kurti 1-Kurtis','[{"added": {}}]',14,16,1);
INSERT INTO django_admin_log VALUES(190,'2022-04-26 06:33:28.477273','16','Product 16 Women-Kurti 1-Kurtis','[{"changed": {"fields": ["P type"]}}]',14,16,2);
INSERT INTO django_admin_log VALUES(191,'2022-04-26 06:33:40.438971','16','Product 16 Women-Kurti 1-Kurtis','[]',14,16,2);
INSERT INTO django_admin_log VALUES(192,'2022-04-26 06:38:07.175998','16','Product 16 Women-Kurta 1-Kurtas','[{"changed": {"fields": ["P name", "P image", "P category", "P description"]}}]',14,16,2);
INSERT INTO django_admin_log VALUES(193,'2022-04-26 06:40:35.854300','16','Product 16 Women-Kurta 1-Kurtis','[{"changed": {"fields": ["P category"]}}]',14,16,2);
INSERT INTO django_admin_log VALUES(194,'2022-04-26 06:40:58.930109','16','Product 16 Women-Kurta 2-Kurtis','[{"changed": {"fields": ["P name", "P image", "P description"]}}]',14,16,2);
INSERT INTO django_admin_log VALUES(195,'2022-04-26 06:41:09.211079','16','Product 16 Women-Kurta-Kurtis','[{"changed": {"fields": ["P name"]}}]',14,16,2);
INSERT INTO django_admin_log VALUES(196,'2022-04-26 06:41:43.614223','17','Product 17 Women-Kurta 1-Kurtis','[{"added": {}}]',14,16,1);
INSERT INTO django_admin_log VALUES(197,'2022-04-26 06:41:59.672080','17','Product 17 Women-Kurta 1-Kurtis','[{"changed": {"fields": ["P image"]}}]',14,16,2);
INSERT INTO django_admin_log VALUES(198,'2022-04-26 06:42:59.971948','18','Product 18 Women-Kurta 3-Kurtis','[{"added": {}}]',14,16,1);
INSERT INTO django_admin_log VALUES(199,'2022-04-26 06:43:58.485622','19','Product 19 Women-Kurta 4-Kurtis','[{"added": {}}]',14,16,1);
INSERT INTO django_admin_log VALUES(200,'2022-04-26 06:46:31.701249','20','Product 20 Women-Kurta 5-Kurtis','[{"added": {}}]',14,16,1);
INSERT INTO django_admin_log VALUES(201,'2022-04-26 07:56:57.914687','21','Product 21 Women-Saree 1-Sarees','[{"added": {}}]',14,16,1);
INSERT INTO django_admin_log VALUES(202,'2022-04-26 07:58:03.551806','22','Product 22 Women-Saree 2-Sarees','[{"added": {}}]',14,16,1);
INSERT INTO django_admin_log VALUES(203,'2022-04-26 07:58:45.611512','23','Product 23 Women-Saree 3-Sarees','[{"added": {}}]',14,16,1);
INSERT INTO django_admin_log VALUES(204,'2022-04-26 07:59:28.613853','24','Product 24 Women-Saree 4-Sarees','[{"added": {}}]',14,16,1);
INSERT INTO django_admin_log VALUES(205,'2022-04-26 07:59:56.112381','22','Product 22 Women-Saree 2-Sarees','[{"changed": {"fields": ["P image"]}}]',14,16,2);
INSERT INTO django_admin_log VALUES(206,'2022-04-26 08:01:09.295291','25','Product 25 Women-Saree 5-Sarees','[{"added": {}}]',14,16,1);
INSERT INTO django_admin_log VALUES(207,'2022-04-26 08:02:40.783671','26','Product 26 Women-Lehanga 1-Lehangachouli','[{"added": {}}]',14,16,1);
INSERT INTO django_admin_log VALUES(208,'2022-04-26 08:03:27.193322','27','Product 27 Women-Lehanga 2-Lehangachouli','[{"added": {}}]',14,16,1);
INSERT INTO django_admin_log VALUES(209,'2022-04-26 08:04:22.951449','28','Product 28 Women-Lehanga 3-Lehangachouli','[{"added": {}}]',14,16,1);
INSERT INTO django_admin_log VALUES(210,'2022-04-26 08:06:16.126427','29','Product 29 Women-Lehanga 4-Lehangachouli','[{"added": {}}]',14,16,1);
INSERT INTO django_admin_log VALUES(211,'2022-04-26 08:07:01.837407','30','Product 30 Women-Lehanga 5-Lehangachouli','[{"added": {}}]',14,16,1);
INSERT INTO django_admin_log VALUES(212,'2022-04-26 08:10:00.024623','31','Product 31 Kids-Traditional 1-Traditional','[{"added": {}}]',14,16,1);
INSERT INTO django_admin_log VALUES(213,'2022-04-26 08:10:53.613334','32','Product 32 Kids-Traditional 2-Traditional','[{"added": {}}]',14,16,1);
INSERT INTO django_admin_log VALUES(214,'2022-04-26 08:12:05.808303','33','Product 33 Kids-Traditional 3-Traditional','[{"added": {}}]',14,16,1);
INSERT INTO django_admin_log VALUES(215,'2022-04-26 08:12:44.474562','34','Product 34 Kids-Traditional 4-Traditional','[{"added": {}}]',14,16,1);
INSERT INTO django_admin_log VALUES(216,'2022-04-26 08:13:20.289631','35','Product 35 Kids-Traditional 5-Traditional','[{"added": {}}]',14,16,1);
INSERT INTO django_admin_log VALUES(217,'2022-04-26 08:16:30.378673','36','Product 36 Kids-Kid T-shirt 1-Tshirts','[{"added": {}}]',14,16,1);
INSERT INTO django_admin_log VALUES(218,'2022-04-26 08:16:48.418057','36','Product 36 Kids-Kid T-shirt 1-Tshirts','[{"changed": {"fields": ["P image"]}}]',14,16,2);
INSERT INTO django_admin_log VALUES(219,'2022-04-26 08:17:48.401306','37','Product 37 Kids-Kid T-shirt 2-Tshirts','[{"added": {}}]',14,16,1);
INSERT INTO django_admin_log VALUES(220,'2022-04-26 08:19:14.970004','38','Product 38 Kids-Kid T-shirt 3-Tshirts','[{"added": {}}]',14,16,1);
INSERT INTO django_admin_log VALUES(221,'2022-04-26 08:21:30.613611','39','Product 39 Kids-Kid T-shirt 4-Tshirts','[{"added": {}}]',14,16,1);
INSERT INTO django_admin_log VALUES(222,'2022-04-26 08:23:04.447710','40','Product 40 Kids-Kid T-shirt 5-Tshirts','[{"added": {}}]',14,16,1);
INSERT INTO django_admin_log VALUES(223,'2022-04-26 08:24:33.123782','41','Product 41 Kids-Kid OneSies 1-OneSies','[{"added": {}}]',14,16,1);
INSERT INTO django_admin_log VALUES(224,'2022-04-26 08:25:16.429773','42','Product 42 Kids-Kid OneSies 2-OneSies','[{"added": {}}]',14,16,1);
INSERT INTO django_admin_log VALUES(225,'2022-04-26 08:26:11.219613','42','Product 42 Kids-Kid OneSies 2-OneSies','[]',14,16,2);
INSERT INTO django_admin_log VALUES(226,'2022-04-26 08:31:19.383929','41','Product 41 Kids-Kid OneSies 1-OneSies','[{"changed": {"fields": ["P image"]}}]',14,16,2);
INSERT INTO django_admin_log VALUES(227,'2022-04-26 08:33:26.482385','42','Product 42 Kids-Kid OneSies 2-OneSies','',14,16,3);
INSERT INTO django_admin_log VALUES(228,'2022-04-26 08:33:26.519302','41','Product 41 Kids-Kid OneSies 1-OneSies','',14,16,3);
INSERT INTO django_admin_log VALUES(229,'2022-04-26 08:34:09.022169','43','Product 43 Kids-Onesies 1-OneSies','[{"added": {}}]',14,16,1);
INSERT INTO django_admin_log VALUES(230,'2022-04-26 08:58:31.544488','44','Product 44 Kids-Kid OneSies 2-OneSies','[{"added": {}}]',14,16,1);
INSERT INTO django_admin_log VALUES(231,'2022-04-26 08:59:50.306691','44','Product 44 Kids-OneSies 2-OneSies','[{"changed": {"fields": ["P name"]}}]',14,16,2);
INSERT INTO django_admin_log VALUES(232,'2022-04-26 09:01:43.562775','45','Product 45 Kids-OneSies 3-OneSies','[{"added": {}}]',14,16,1);
INSERT INTO django_admin_log VALUES(233,'2022-04-26 09:02:57.195052','46','Product 46 Kids-OneSies 4-OneSies','[{"added": {}}]',14,16,1);
INSERT INTO django_admin_log VALUES(234,'2022-04-26 09:03:39.169711','47','Product 47 Kids-OneSies 5-OneSies','[{"added": {}}]',14,16,1);
CREATE TABLE IF NOT EXISTS "django_content_type" ("id" integer NOT NULL PRIMARY KEY AUTOINCREMENT, "app_label" varchar(100) NOT NULL, "model" varchar(100) NOT NULL);
INSERT INTO django_content_type VALUES(1,'admin','logentry');
INSERT INTO django_content_type VALUES(2,'auth','permission');
INSERT INTO django_content_type VALUES(3,'auth','group');
INSERT INTO django_content_type VALUES(4,'auth','user');
INSERT INTO django_content_type VALUES(5,'contenttypes','contenttype');
INSERT INTO django_content_type VALUES(6,'sessions','session');
INSERT INTO django_content_type VALUES(7,'home','profile');
INSERT INTO django_content_type VALUES(8,'home','product');
INSERT INTO django_content_type VALUES(9,'productcart','cart');
INSERT INTO django_content_type VALUES(10,'payment','payment');
INSERT INTO django_content_type VALUES(11,'payment','card');
INSERT INTO django_content_type VALUES(12,'payment','address');
INSERT INTO django_content_type VALUES(13,'orders','orders');
INSERT INTO django_content_type VALUES(14,'product','product');
CREATE TABLE IF NOT EXISTS "auth_permission" ("id" integer NOT NULL PRIMARY KEY AUTOINCREMENT, "content_type_id" integer NOT NULL REFERENCES "django_content_type" ("id") DEFERRABLE INITIALLY DEFERRED, "codename" varchar(100) NOT NULL, "name" varchar(255) NOT NULL);
INSERT INTO auth_permission VALUES(1,1,'add_logentry','Can add log entry');
INSERT INTO auth_permission VALUES(2,1,'change_logentry','Can change log entry');
INSERT INTO auth_permission VALUES(3,1,'delete_logentry','Can delete log entry');
INSERT INTO auth_permission VALUES(4,1,'view_logentry','Can view log entry');
INSERT INTO auth_permission VALUES(5,2,'add_permission','Can add permission');
INSERT INTO auth_permission VALUES(6,2,'change_permission','Can change permission');
INSERT INTO auth_permission VALUES(7,2,'delete_permission','Can delete permission');
INSERT INTO auth_permission VALUES(8,2,'view_permission','Can view permission');
INSERT INTO auth_permission VALUES(9,3,'add_group','Can add group');
INSERT INTO auth_permission VALUES(10,3,'change_group','Can change group');
INSERT INTO auth_permission VALUES(11,3,'delete_group','Can delete group');
INSERT INTO auth_permission VALUES(12,3,'view_group','Can view group');
INSERT INTO auth_permission VALUES(13,4,'add_user','Can add user');
INSERT INTO auth_permission VALUES(14,4,'change_user','Can change user');
INSERT INTO auth_permission VALUES(15,4,'delete_user','Can delete user');
INSERT INTO auth_permission VALUES(16,4,'view_user','Can view user');
INSERT INTO auth_permission VALUES(17,5,'add_contenttype','Can add content type');
INSERT INTO auth_permission VALUES(18,5,'change_contenttype','Can change content type');
INSERT INTO auth_permission VALUES(19,5,'delete_contenttype','Can delete content type');
INSERT INTO auth_permission VALUES(20,5,'view_contenttype','Can view content type');
INSERT INTO auth_permission VALUES(21,6,'add_session','Can add session');
INSERT INTO auth_permission VALUES(22,6,'change_session','Can change session');
INSERT INTO auth_permission VALUES(23,6,'delete_session','Can delete session');
INSERT INTO auth_permission VALUES(24,6,'view_session','Can view session');
INSERT INTO auth_permission VALUES(25,7,'add_profile','Can add profile');
INSERT INTO auth_permission VALUES(26,7,'change_profile','Can change profile');
INSERT INTO auth_permission VALUES(27,7,'delete_profile','Can delete profile');
INSERT INTO auth_permission VALUES(28,7,'view_profile','Can view profile');
INSERT INTO auth_permission VALUES(29,8,'add_products','Can add products');
INSERT INTO auth_permission VALUES(30,8,'change_products','Can change products');
INSERT INTO auth_permission VALUES(31,8,'delete_products','Can delete products');
INSERT INTO auth_permission VALUES(32,8,'view_products','Can view products');
INSERT INTO auth_permission VALUES(33,8,'add_product','Can add product');
INSERT INTO auth_permission VALUES(34,8,'change_product','Can change product');
INSERT INTO auth_permission VALUES(35,8,'delete_product','Can delete product');
INSERT INTO auth_permission VALUES(36,8,'view_product','Can view product');
INSERT INTO auth_permission VALUES(37,9,'add_cart','Can add cart');
INSERT INTO auth_permission VALUES(38,9,'change_cart','Can change cart');
INSERT INTO auth_permission VALUES(39,9,'delete_cart','Can delete cart');
INSERT INTO auth_permission VALUES(40,9,'view_cart','Can view cart');
INSERT INTO auth_permission VALUES(41,10,'add_payment','Can add payment');
INSERT INTO auth_permission VALUES(42,10,'change_payment','Can change payment');
INSERT INTO auth_permission VALUES(43,10,'delete_payment','Can delete payment');
INSERT INTO auth_permission VALUES(44,10,'view_payment','Can view payment');
INSERT INTO auth_permission VALUES(45,11,'add_card','Can add card');
INSERT INTO auth_permission VALUES(46,11,'change_card','Can change card');
INSERT INTO auth_permission VALUES(47,11,'delete_card','Can delete card');
INSERT INTO auth_permission VALUES(48,11,'view_card','Can view card');
INSERT INTO auth_permission VALUES(49,12,'add_address','Can add address');
INSERT INTO auth_permission VALUES(50,12,'change_address','Can change address');
INSERT INTO auth_permission VALUES(51,12,'delete_address','Can delete address');
INSERT INTO auth_permission VALUES(52,12,'view_address','Can view address');
INSERT INTO auth_permission VALUES(53,13,'add_orders','Can add orders');
INSERT INTO auth_permission VALUES(54,13,'change_orders','Can change orders');
INSERT INTO auth_permission VALUES(55,13,'delete_orders','Can delete orders');
INSERT INTO auth_permission VALUES(56,13,'view_orders','Can view orders');
INSERT INTO auth_permission VALUES(57,14,'add_product','Can add product');
INSERT INTO auth_permission VALUES(58,14,'change_product','Can change product');
INSERT INTO auth_permission VALUES(59,14,'delete_product','Can delete product');
INSERT INTO auth_permission VALUES(60,14,'view_product','Can view product');
CREATE TABLE IF NOT EXISTS "auth_group" ("id" integer NOT NULL PRIMARY KEY AUTOINCREMENT, "name" varchar(150) NOT NULL UNIQUE);
CREATE TABLE IF NOT EXISTS "auth_user" ("id" integer NOT NULL PRIMARY KEY AUTOINCREMENT, "password" varchar(128) NOT NULL, "last_login" datetime NULL, "is_superuser" bool NOT NULL, "username" varchar(150) NOT NULL UNIQUE, "last_name" varchar(150) NOT NULL, "email" varchar(254) NOT NULL, "is_staff" bool NOT NULL, "is_active" bool NOT NULL, "date_joined" datetime NOT NULL, "first_name" varchar(150) NOT NULL);
INSERT INTO auth_user VALUES(16,'pbkdf2_sha256$320000$KAaxwlA4vWSEWvmOmzTfJs$NNNoUGUlXUL1M5TcFi66mVrWfszsxrKHH4dIUaG0p/Q=','2022-04-26 05:38:22.544234',1,'admin','','',1,1,'2022-04-03 12:49:58.559187','');
INSERT INTO auth_user VALUES(17,'pbkdf2_sha256$320000$4lWzyhvMx87aTR01W2Zcir$/LUOo4J9JV2UZC8KQmk1ndqcdMZm4blnHAdVQIXW4tU=','2022-04-26 09:09:19.729487',0,'dinesh','','dinesh@gmail.com',0,1,'2022-04-26 09:08:24.704890','');
CREATE TABLE IF NOT EXISTS "django_session" ("session_key" varchar(40) NOT NULL PRIMARY KEY, "session_data" text NOT NULL, "expire_date" datetime NOT NULL);
INSERT INTO django_session VALUES('j3e7v4t6nczjv7f47n0z1j753u92izh3','.eJxVjDsOwjAQBe_iGln-bRxT0nMGa3dt4wBypDipEHeHSCmgfTPzXiLitta49bzEKYmz0OL0uxHyI7cdpDu22yx5busykdwVedAur3PKz8vh_h1U7PVbBzJZlwBUwkA2JCreKQxGkWKnwevRs_WDhYLGa3bGsreFx6QQCgCK9wfd0jej:1lggdL:D9jpFxpZCrZhB6JdTnpbFEZsdB8vmaizcO0vm5ZbtdU','2021-05-26 04:38:07.717446');
INSERT INTO django_session VALUES('nsxke8k2dto9qg2f6b5azob8fmgvehod','.eJxVjDsOwjAQBe_iGln-bRxT0nMGa3dt4wBypDipEHeHSCmgfTPzXiLitta49bzEKYmz0OL0uxHyI7cdpDu22yx5busykdwVedAur3PKz8vh_h1U7PVbBzJZlwBUwkA2JCreKQxGkWKnwevRs_WDhYLGa3bGsreFx6QQCgCK9wfd0jej:1lh22z:DXGN4QDZGpnlDJbWZzMzcSw2I1WCflJzwpFKqNecU48','2021-05-27 03:30:01.131783');
INSERT INTO django_session VALUES('hibxg2duz5p6p0erreivs9xp5guwgs5m','.eJxVjDsOwjAQBe_iGln-bRxT0nMGa3dt4wBypDipEHeHSCmgfTPzXiLitta49bzEKYmz0OL0uxHyI7cdpDu22yx5busykdwVedAur3PKz8vh_h1U7PVbBzJZlwBUwkA2JCreKQxGkWKnwevRs_WDhYLGa3bGsreFx6QQCgCK9wfd0jej:1lh27L:Uz81lyfJf3nobAoIWC89sgyacaj3fsaDKmuMpAiGOiU','2021-05-27 03:34:31.840362');
INSERT INTO django_session VALUES('q6bmyrg0y0pkcz6m7mr9el7ofzqnch0o','.eJxVjDsOwjAQBe_iGln-bRxT0nMGa3dt4wBypDipEHeHSCmgfTPzXiLitta49bzEKYmz0OL0uxHyI7cdpDu22yx5busykdwVedAur3PKz8vh_h1U7PVbBzJZlwBUwkA2JCreKQxGkWKnwevRs_WDhYLGa3bGsreFx6QQCgCK9wfd0jej:1lh5Au:h-4u8ARht9_KR8FOCIIMaEsWvjIbWBqhYBq4sJQJeBk','2021-05-27 06:50:24.076841');
INSERT INTO django_session VALUES('cjprn9xcsfd69webahrgzibqwcyadlxl','.eJxVjDsOwjAQBe_iGln-bRxT0nMGa3dt4wBypDipEHeHSCmgfTPzXiLitta49bzEKYmz0OL0uxHyI7cdpDu22yx5busykdwVedAur3PKz8vh_h1U7PVbBzJZlwBUwkA2JCreKQxGkWKnwevRs_WDhYLGa3bGsreFx6QQCgCK9wfd0jej:1lhBk8:1GoIXo2jP1uq-D74Ad65LhaEFpNkx5NVZVbyCdph2TI','2021-05-27 13:51:12.825371');
INSERT INTO django_session VALUES('jl88v3nidjzitjfvk7jfop861ejav7gg','.eJxVjDsOwjAQBe_iGln-bRxT0nMGa3dt4wBypDipEHeHSCmgfTPzXiLitta49bzEKYmz0OL0uxHyI7cdpDu22yx5busykdwVedAur3PKz8vh_h1U7PVbBzJZlwBUwkA2JCreKQxGkWKnwevRs_WDhYLGa3bGsreFx6QQCgCK9wfd0jej:1lhPhX:IX0xZv3Wgr1kzkEiRc3RoUjEwDX0Qg-ChtybbZZPoHE','2021-05-28 04:45:27.201189');
INSERT INTO django_session VALUES('una9z53i1dtgwz6o3ujn8jnxl4cuo34t','.eJxVjDsOwjAQBe_iGln-bRxT0nMGa3dt4wBypDipEHeHSCmgfTPzXiLitta49bzEKYmz0OL0uxHyI7cdpDu22yx5busykdwVedAur3PKz8vh_h1U7PVbBzJZlwBUwkA2JCreKQxGkWKnwevRs_WDhYLGa3bGsreFx6QQCgCK9wfd0jej:1liw0X:y_7SF_3ua_9ZmXYM2ZdoeH_AUfabMYYTyRFMsXaqN94','2021-06-01 09:27:21.401745');
INSERT INTO django_session VALUES('bxrxs9d8j3zziroqq96l0dyqxgd1ikn8','.eJxVjDsOwjAQBe_iGln-bRxT0nMGa3dt4wBypDipEHeHSCmgfTPzXiLitta49bzEKYmz0OL0uxHyI7cdpDu22yx5busykdwVedAur3PKz8vh_h1U7PVbBzJZlwBUwkA2JCreKQxGkWKnwevRs_WDhYLGa3bGsreFx6QQCgCK9wfd0jej:1lj28Q:IRKaCFrB53GOeRyewAK41ON4ir9OGHffm-Citz11QUA','2021-06-01 15:59:54.352934');
INSERT INTO django_session VALUES('emh5d0ad0516c226z79nf8yk6niwdxzu','.eJxVjMsOwiAURP-FtSG8xItL934DGbgoVUOT0q6M_26bdKGrSeacmbeIWOYal16mOLA4C23F4bdMyM_SNsIPtPso89jmaUhyU-ROu7yOXF6X3f07qOh1XReGT8ElKllpwDrjAGjLTNaH4w0KlFXQhjMMU_agNRQMnbSzVMTnCyofOHs:1nCMPG:qSN9qRT1lMGJetDHXfEMU5fDnxen5wpap_2gZQ_gSEo','2022-02-08 14:02:46.832865');
INSERT INTO django_session VALUES('4gs4mgmrq08ji1d1qcrlt6ccx7dnmfem','.eJxVjMsOwiAURP-FtSG8xItL934DGbgoVUOT0q6M_26bdKGrSeacmbeIWOYal16mOLA4C23F4bdMyM_SNsIPtPso89jmaUhyU-ROu7yOXF6X3f07qOh1XReGT8ElKllpwDrjAGjLTNaH4w0KlFXQhjMMU_agNRQMnbSzVMTnCyofOHs:1nD1VM:R3BMGcJavnD8BnVx-3t7IWLxXTU8JZqaHBCUAplAmAQ','2022-02-10 09:55:48.898384');
INSERT INTO django_session VALUES('1uxx28p2dm7g78rywfsq9jsp2v6croxv','.eJxVjEEOwiAQAP_C2ZBCgS4evfcNhGUXqRqalPZk_Lsh6UGvM5N5ixCPvYSj8RYWElehnLj8QozpybUbesR6X2Va674tKHsiT9vkvBK_bmf7Nyixlf4lPRK6zCry6JUzGrwBSwAE3kLWOGhMZJApT2yNn5zXVtshOkWQQXy-BQQ3yg:1nazhr:CEVbdcppy2Wn8xDKQhxrf0gocyIbXqVdTvZFGezhApc','2022-04-17 12:51:47.413674');
INSERT INTO django_session VALUES('vrepqwfu1muvi8gm6bk9yjl3evu926yu','.eJxVjEEOwiAQAP_C2ZBCgS4evfcNhGUXqRqalPZk_Lsh6UGvM5N5ixCPvYSj8RYWElehnLj8QozpybUbesR6X2Va674tKHsiT9vkvBK_bmf7Nyixlf4lPRK6zCry6JUzGrwBSwAE3kLWOGhMZJApT2yNn5zXVtshOkWQQXy-BQQ3yg:1njDLw:QR-qt9e4TeueuMKkknAOfmJZUyJTdTVvvZjb1Ct5W-E','2022-05-10 05:03:08.875319');
INSERT INTO django_session VALUES('x78ealu0d1hr1cqmjui5hklt52yolukx','.eJxVjEEOwiAQAP_C2ZBCgS4evfcNhGUXqRqalPZk_Lsh6UGvM5N5ixCPvYSj8RYWElehnLj8QozpybUbesR6X2Va674tKHsiT9vkvBK_bmf7Nyixlf4lPRK6zCry6JUzGrwBSwAE3kLWOGhMZJApT2yNn5zXVtshOkWQQXy-BQQ3yg:1njDLx:MgHuFvsnkdHG56nvcQ4ChSSRBS_kswrDnoyHj1ujk2M','2022-05-10 05:03:09.107694');
CREATE TABLE IF NOT EXISTS "home_profile" ("id" integer NOT NULL PRIMARY KEY AUTOINCREMENT, "user_id" integer NOT NULL UNIQUE REFERENCES "auth_user" ("id") DEFERRABLE INITIALLY DEFERRED, "image" varchar(100) NOT NULL);
INSERT INTO home_profile VALUES(13,16,'profilepics/default.png');
INSERT INTO home_profile VALUES(14,17,'profilepics/default.png');
CREATE TABLE IF NOT EXISTS "payment_address" ("id" integer NOT NULL PRIMARY KEY AUTOINCREMENT, "address" varchar(200) NOT NULL, "city" varchar(10) NOT NULL, "state" varchar(20) NOT NULL, "user_id" integer NOT NULL REFERENCES "auth_user" ("id") DEFERRABLE INITIALLY DEFERRED, "zip" integer NOT NULL);
INSERT INTO payment_address VALUES(19,'mallikarjuna pet 4th lane','guntur','Andhra Pradesh',17,520002);
CREATE TABLE IF NOT EXISTS "payment_card" ("id" integer NOT NULL PRIMARY KEY AUTOINCREMENT, "card_name" varchar(100) NOT NULL, "credit_card_number" integer NOT NULL, "exp_month" integer NOT NULL, "exp_year" integer NOT NULL, "cvv" integer NOT NULL, "user_id" integer NOT NULL REFERENCES "auth_user" ("id") DEFERRABLE INITIALLY DEFERRED);
INSERT INTO payment_card VALUES(26,'Gopi sai',78998525456698,12,2025,715,17);
CREATE TABLE IF NOT EXISTS "orders_orders" ("id" integer NOT NULL PRIMARY KEY AUTOINCREMENT, "order_status" varchar(10) NOT NULL, "order_date" date NOT NULL, "shipping_date" datetime NOT NULL, "payment_id" bigint NOT NULL REFERENCES "payment_payment" ("id") DEFERRABLE INITIALLY DEFERRED);
INSERT INTO orders_orders VALUES(12,'ordered','2022-04-26','2022-05-06 14:41:25.365939',1);
CREATE TABLE IF NOT EXISTS "productcart_cart" ("id" integer NOT NULL PRIMARY KEY AUTOINCREMENT, "user_id" integer NOT NULL REFERENCES "auth_user" ("id") DEFERRABLE INITIALLY DEFERRED, "product_id" bigint NOT NULL REFERENCES "product_product" ("id") DEFERRABLE INITIALLY DEFERRED);
INSERT INTO productcart_cart VALUES(2,17,2);
CREATE TABLE IF NOT EXISTS "payment_payment" ("id" integer NOT NULL PRIMARY KEY AUTOINCREMENT, "address_id" bigint NOT NULL REFERENCES "payment_address" ("id") DEFERRABLE INITIALLY DEFERRED, "card_id" bigint NOT NULL REFERENCES "payment_card" ("id") DEFERRABLE INITIALLY DEFERRED, "user_id" integer NOT NULL REFERENCES "auth_user" ("id") DEFERRABLE INITIALLY DEFERRED, "product_id" bigint NOT NULL REFERENCES "product_product" ("id") DEFERRABLE INITIALLY DEFERRED);
INSERT INTO payment_payment VALUES(1,19,26,17,2);
CREATE TABLE IF NOT EXISTS "product_product" ("id" integer NOT NULL PRIMARY KEY AUTOINCREMENT, "p_name" varchar(30) NOT NULL UNIQUE, "p_image" varchar(100) NOT NULL, "p_type" varchar(100) NOT NULL, "p_cost" decimal NOT NULL, "p_description" text NOT NULL, "p_category" varchar(100) NOT NULL);
INSERT INTO product_product VALUES(1,'Sherwani 1','productpics/sherwani1_jzJv45M.png','Men',499,'Sherwani 1','Sherwani');
INSERT INTO product_product VALUES(2,'Sherwani 2','productpics/sherwani2_ofTdyTR.png','Men',499,'Sherwani 2','Sherwani');
INSERT INTO product_product VALUES(3,'Sherwani 3','productpics/sherwani3_2dkXPb1.png','Men',499,'Sherwani 3','Sherwani');
INSERT INTO product_product VALUES(4,'Sherwani 4','productpics/sherwani4_ZDt8hS6.png','Men',499,'Sherwani 4','Sherwani');
INSERT INTO product_product VALUES(5,'Sherwani 5','productpics/Sherwani_5.JPG','Men',599,'Sherwani 5','Sherwani');
INSERT INTO product_product VALUES(6,'T-shirt 1','productpics/T-shirt_1.png','Men',499,'T-shirt 1','Tshirts');
INSERT INTO product_product VALUES(7,'T-shirt 2','productpics/T-shirt_2.png','Men',499,'T-shirt 2','Tshirts');
INSERT INTO product_product VALUES(8,'T-shirt 3','productpics/T-shirt_3.png','Men',399,'T-shirt 3','Tshirts');
INSERT INTO product_product VALUES(9,'T-shirt 4','productpics/T-shirt_4.png','Men',599,'T-shirt 4','Tshirts');
INSERT INTO product_product VALUES(10,'T-shirt 5','productpics/T-shirt_5_O8QU0vO.png','Men',699,'T-shirt 5','Tshirts');
INSERT INTO product_product VALUES(11,'Formal 1','productpics/Formal_1.png','Men',499,'Formal 1','Formals');
INSERT INTO product_product VALUES(12,'Formal 2','productpics/Formal_2.png','Men',399,'Formal 2','Formals');
INSERT INTO product_product VALUES(13,'Formal 3','productpics/Formal_3.png','Men',699,'Formal 3','Formals');
INSERT INTO product_product VALUES(14,'Formal 4','productpics/Formal_4.png','Men',799,'Formal 4','Formals');
INSERT INTO product_product VALUES(15,'Formal 5','productpics/Formal_5.png','Men',899,'Formal 5','Formals');
INSERT INTO product_product VALUES(16,'Kurta','productpics/Kurta_2.png','Women',499,'Kurta 2','Kurtis');
INSERT INTO product_product VALUES(17,'Kurta 1','productpics/Kurta_1_UyiYWkv.png','Women',788,'Kurta 1','Kurtis');
INSERT INTO product_product VALUES(18,'Kurta 3','productpics/Kurtha_3.png','Women',899,'Kurta 3','Kurtis');
INSERT INTO product_product VALUES(19,'Kurta 4','productpics/Kurtha_4.png','Women',988,'Kurta 4','Kurtis');
INSERT INTO product_product VALUES(20,'Kurta 5','productpics/Kurtha_5.png','Women',988,'Kurta 5','Kurtis');
INSERT INTO product_product VALUES(21,'Saree 1','productpics/Saree_1.png','Women',999,'Saree 1','Sarees');
INSERT INTO product_product VALUES(22,'Saree 2','productpics/Saree_2.png','Women',499,'Saree 2','Sarees');
INSERT INTO product_product VALUES(23,'Saree 3','productpics/Saree_3.png','Women',599,'Saree 3','Sarees');
INSERT INTO product_product VALUES(24,'Saree 4','productpics/Saree_4.png','Women',399,'Saree 4','Sarees');
INSERT INTO product_product VALUES(25,'Saree 5','productpics/Saree_5_Y3n7ck6.png','Women',599,'Saree 5','Sarees');
INSERT INTO product_product VALUES(26,'Lehanga 1','productpics/Lehanga_1.png','Women',589,'Lehanga 1','Lehangachouli');
INSERT INTO product_product VALUES(27,'Lehanga 2','productpics/Lehanga_2_3oUIfOr.png','Women',599,'Lehanga 2','Lehangachouli');
INSERT INTO product_product VALUES(28,'Lehanga 3','productpics/Lehanga_3.png','Women',499,'Lehanga 3','Lehangachouli');
INSERT INTO product_product VALUES(29,'Lehanga 4','productpics/Lehanga_4.png','Women',999,'Lehanga 3','Lehangachouli');
INSERT INTO product_product VALUES(30,'Lehanga 5','productpics/Lehanga_5.png','Women',589,'Lehanga 5','Lehangachouli');
INSERT INTO product_product VALUES(31,'Traditional 1','productpics/Kid_Traditional_1.png','Kids',499,'Traditional 1','Traditional');
INSERT INTO product_product VALUES(32,'Traditional 2','productpics/Kid_Traditional_2.png','Kids',499,'Traditional 2','Traditional');
INSERT INTO product_product VALUES(33,'Traditional 3','productpics/Kid_Traditional_3.png','Kids',999,'Traditional 3','Traditional');
INSERT INTO product_product VALUES(34,'Traditional 4','productpics/Kid_Traditional_4.png','Kids',399,'Traditional 4','Traditional');
INSERT INTO product_product VALUES(35,'Traditional 5','productpics/Kid_Traditional_5.png','Kids',548,'Traditional 5','Traditional');
INSERT INTO product_product VALUES(36,'Kid T-shirt 1','productpics/Kid_T-shirt_1.png','Kids',499,'T-shirt 1','Tshirts');
INSERT INTO product_product VALUES(37,'Kid T-shirt 2','productpics/Kid_T-shirt_2.png','Kids',399,'Kid T-shirt 2','Tshirts');
INSERT INTO product_product VALUES(38,'Kid T-shirt 3','productpics/Kid_T-shirt_3.png','Kids',589,'Kid T-shirt 3','Tshirts');
INSERT INTO product_product VALUES(39,'Kid T-shirt 4','productpics/Kid_T-shirt_4.png','Kids',899,'Kid T-shirt 4','Tshirts');
INSERT INTO product_product VALUES(40,'Kid T-shirt 5','productpics/Kid_T-shirt_5.png','Kids',399,'Kid T-shirt 5','Tshirts');
INSERT INTO product_product VALUES(43,'Onesies 1','productpics/Kid_OneSies_1_IL4tpzM.png','Kids',479,'Onesies 1','OneSies');
INSERT INTO product_product VALUES(44,'OneSies 2','productpics/Kid_OneSies_2_tc52qAu.png','Kids',789,'Kid OneSies 2','OneSies');
INSERT INTO product_product VALUES(45,'OneSies 3','productpics/Kid_OneSies_3.png','Kids',899,'OneSies 3','OneSies');
INSERT INTO product_product VALUES(46,'OneSies 4','productpics/Kid_OneSies_4.png','Kids',789,'OneSies 4','OneSies');
INSERT INTO product_product VALUES(47,'OneSies 5','productpics/Kid_OneSies_5.png','Kids',599,'OneSies 5','OneSies');
DELETE FROM sqlite_sequence;
INSERT INTO sqlite_sequence VALUES('django_migrations',43);
INSERT INTO sqlite_sequence VALUES('django_admin_log',234);
INSERT INTO sqlite_sequence VALUES('django_content_type',14);
INSERT INTO sqlite_sequence VALUES('auth_permission',60);
INSERT INTO sqlite_sequence VALUES('auth_group',0);
INSERT INTO sqlite_sequence VALUES('auth_user',17);
INSERT INTO sqlite_sequence VALUES('home_profile',14);
INSERT INTO sqlite_sequence VALUES('payment_address',19);
INSERT INTO sqlite_sequence VALUES('payment_card',26);
INSERT INTO sqlite_sequence VALUES('orders_orders',12);
INSERT INTO sqlite_sequence VALUES('productcart_cart',2);
INSERT INTO sqlite_sequence VALUES('payment_payment',1);
INSERT INTO sqlite_sequence VALUES('product_product',47);
CREATE UNIQUE INDEX "auth_group_permissions_group_id_permission_id_0cd325b0_uniq" ON "auth_group_permissions" ("group_id", "permission_id");
CREATE INDEX "auth_group_permissions_group_id_b120cbf9" ON "auth_group_permissions" ("group_id");
CREATE INDEX "auth_group_permissions_permission_id_84c5c92e" ON "auth_group_permissions" ("permission_id");
CREATE UNIQUE INDEX "auth_user_groups_user_id_group_id_94350c0c_uniq" ON "auth_user_groups" ("user_id", "group_id");
CREATE INDEX "auth_user_groups_user_id_6a12ed8b" ON "auth_user_groups" ("user_id");
CREATE INDEX "auth_user_groups_group_id_97559544" ON "auth_user_groups" ("group_id");
CREATE UNIQUE INDEX "auth_user_user_permissions_user_id_permission_id_14a6b632_uniq" ON "auth_user_user_permissions" ("user_id", "permission_id");
CREATE INDEX "auth_user_user_permissions_user_id_a95ead1b" ON "auth_user_user_permissions" ("user_id");
CREATE INDEX "auth_user_user_permissions_permission_id_1fbb5f2c" ON "auth_user_user_permissions" ("permission_id");
CREATE INDEX "django_admin_log_content_type_id_c4bce8eb" ON "django_admin_log" ("content_type_id");
CREATE INDEX "django_admin_log_user_id_c564eba6" ON "django_admin_log" ("user_id");
CREATE UNIQUE INDEX "django_content_type_app_label_model_76bd3d3b_uniq" ON "django_content_type" ("app_label", "model");
CREATE UNIQUE INDEX "auth_permission_content_type_id_codename_01ab375a_uniq" ON "auth_permission" ("content_type_id", "codename");
CREATE INDEX "auth_permission_content_type_id_2f476e4b" ON "auth_permission" ("content_type_id");
CREATE INDEX "django_session_expire_date_a5c62663" ON "django_session" ("expire_date");
CREATE INDEX "payment_address_user_id_58047ac5" ON "payment_address" ("user_id");
CREATE INDEX "payment_card_user_id_47696591" ON "payment_card" ("user_id");
CREATE INDEX "orders_orders_payment_id_06260bb2" ON "orders_orders" ("payment_id");
CREATE INDEX "productcart_cart_user_id_08815f99" ON "productcart_cart" ("user_id");
CREATE INDEX "productcart_cart_product_id_ebf23e68" ON "productcart_cart" ("product_id");
CREATE INDEX "payment_payment_address_id_7e1699f3" ON "payment_payment" ("address_id");
CREATE INDEX "payment_payment_card_id_a924ed42" ON "payment_payment" ("card_id");
CREATE INDEX "payment_payment_user_id_f428ca02" ON "payment_payment" ("user_id");
CREATE INDEX "payment_payment_product_id_a376606e" ON "payment_payment" ("product_id");
COMMIT;
